path	source	description	bytes	sha256	expression_columns	biological_units	intended_use	registered_date
data/raw/kang_2018.h5ad	https://ndownloader.figshare.com/files/34464122	Kang GSE96583 processed counts	38356412	e6a5adac64dcdeb36eaba27db49b63e0c64bb0ed4a64c6705971506b41c39830	24673	8 donors;16 paired sample units	statistics;IC;profiling	2026-09-28
data/raw/visium_filtered_feature_bc_matrix.h5	https://cf.10xgenomics.com/samples/spatial-exp/1.1.0/V1_Mouse_Brain_Sagittal_Anterior/V1_Mouse_Brain_Sagittal_Anterior_filtered_feature_bc_matrix.h5	10x anterior1 filtered counts	20554697	56078d8d6fe6c13de248fdb1c518b691cdef78fb00021b659786b4a47c6656d5	2695	one section;not biological replication	spatial operator;profiling	2026-09-28
data/raw/visium_spatial.tar.gz	https://cf.10xgenomics.com/samples/spatial-exp/1.1.0/V1_Mouse_Brain_Sagittal_Anterior/V1_Mouse_Brain_Sagittal_Anterior_spatial.tar.gz	10x anterior1 coordinates/scales	9233573	5f41a803e2bd69fa4dfca6abc8fa2d4e0d76aeb6c72d7038a5fdcf9cc50a36f8	NA	same one section	spatial coordinates and physical scale	2026-09-28
data/raw/visium_mouse_cortex_annotated.RData	https://ndownloader.figshare.com/files/41446839	CellChat author processed annotation	4654533	8b56a2e7da60db56950eba689ef25f7858d4269d4c306c483fa351363c88a556	1073	same one section	existing spot labels only;full expression from 10x	2026-09-28
data/raw/cellphonedb_v5_source.zip	https://github.com/ventolab/cellphonedb-data/archive/refs/tags/v5.0.0.zip	CellPhoneDB v5 official archive	5868841	e258118f4cc6858040e5216c3c85506961a99939cebf2de0ca1c5ee011adb942	NA	not observations	native baselines	2026-09-28
data/resources/cellchat_human.tsv	R installed CellChat; scripts/export_cellchat_resources.R	CellChat human export	3126768	a031c0630b7b6abcf9a4bdf0454341a0536b00158ac6d21b172177f4d7996959	NA	LR prior;not data replication	IC and reference	2026-09-28
data/resources/cellchat_mouse.tsv	R installed CellChat; scripts/export_cellchat_resources.R	CellChat mouse export	3395328	05bea0365d732c22d70e16a089e51ac1ff66a9b4667fc8dc8864e6ceb109faa7	NA	LR prior;not data replication	same operator spatial comparison	2026-09-28
data/resources/liana_cellphonedb.tsv	installed liana 1.6.1 resource/omni_resource.csv; cellphonedb subset	LIANA packaged CPDB resource	81480	8c9cce630276e9114c93174460f67194833d4209d5ec2a7233d9dc1a08901da3	NA	distinct packaged catalogue from native v5	database sensitivity	2026-09-28
data/resources/visium_annotation.tsv	data/raw/visium_mouse_cortex_annotated.RData	exported annotations (1072 match official filtered counts)	27041	322b1fa1fbe2812fdd2e5595d1a7a7f3d2491119a074037c4a90920692be7599	NA	same one section	barcode-matched labels	2026-09-28
data/resources/cellphonedb_v5.zip	data/raw/cellphonedb_v5_source.zip	official nested database archive	115911	b726745421b6c8f091f9b464e1d20fc676908d18a6669a969eb08877f6dff07f	NA	LR prior	native CPDB	2026-09-28
data/resources/tissue_positions_list.csv	data/raw/visium_spatial.tar.gz	coordinates including off-tissue rows	185306	d54c763713cebef427fcb7ab1fd98515229fa02bf188b8422129130e8d3bea95	NA	one section	barcode-matched geometry	2026-09-28
data/resources/scalefactors_json.json	data/raw/visium_spatial.tar.gz	image scale metadata	164	ae3dd66e716de94a68382af7f0e0d6e94e2300537f0649ccb42e4d508d521e57	NA	one section	scale audit	2026-09-28
sources/GSE96583.txt	https://www.ncbi.nlm.nih.gov/geo/query/acc.cgi?acc=GSE96583&targ=self&form=text&view=brief	official GEO study metadata	3429	65cd9b56faa6be45a5da7fcfec1dbb75fe85aa222fec0e628f3bf6d9e1a7dc06	NA	source accession	data source verification	2026-09-28
data/resources/cpdb_v5/complex_composition_table.csv	data/resources/cellphonedb_v5.zip	extracted official CPDB table	10887	313be04ef0cb8225d246acfbd1357e4d46c49812a32ef998f556926784015eef	NA	LR prior	native FastCCC	2026-09-28
data/resources/cpdb_v5/complex_table.csv	data/resources/cellphonedb_v5.zip	extracted official CPDB table	15205	84e75f852c7ad05d92d5c2d899c09d77b0c429afcd4241d9e3bec46b0e65af9c	NA	LR prior	native FastCCC	2026-09-28
data/resources/cpdb_v5/gene_synonym_to_gene_name.csv	data/resources/cellphonedb_v5.zip	extracted official CPDB table	24106	4a9ddb19017f97cf51db5246750bb2ef6b7afb38965612b640b43dc9a9fac083	NA	LR prior	native FastCCC	2026-09-28
data/resources/cpdb_v5/gene_table.csv	data/resources/cellphonedb_v5.zip	extracted official CPDB table	74125	caf1fd6e7c80a38e49c50f3304ab731753e1588e930daa3f9861f261ca102ed5	NA	LR prior	native FastCCC	2026-09-28
data/resources/cpdb_v5/interaction_table.csv	data/resources/cellphonedb_v5.zip	extracted official CPDB table	326974	49cf1ea61486caa1276ddd40f5a4cad9090f9ec92ebf89c9fc94166f459aeb60	NA	LR prior	native FastCCC	2026-09-28
data/resources/cpdb_v5/multidata_table.csv	data/resources/cellphonedb_v5.zip	extracted official CPDB table	118498	54757f7fd2426763ed8df201e660b1e64cb0d5ef70a5eb3eaec1a33a8d6a9fda	NA	LR prior	native FastCCC	2026-09-28
data/resources/cpdb_v5/protein_table.csv	data/resources/cellphonedb_v5.zip	extracted official CPDB table	42760	5d5d3314d73eba1411a92d11229b78c9253c11c59e3e9bb8b8122fb0cfa8d9ac	NA	LR prior	native FastCCC	2026-09-28
data/resources/cpdb_v5/receptor_to_transcription_factor.csv	data/resources/cellphonedb_v5.zip	extracted official CPDB table	3625	298e429b051385afee9b57c3e5bd4800341efb676ed8098d28a8af4fcebc2c05	NA	LR prior	native FastCCC	2026-09-28
data/resources/cellchat_cofactor_genes.txt	R installed CellChat DB cofactor table	native cofactor gene export	417	b23cbfd875fb19a974160e459051337094504f219ac9a164e4cca7579599bbf6	NA	LR prior	complete native baseline input	2026-09-28
data/resources/cellchat_mouse_cofactor_genes.txt	R installed CellChat DB cofactor table	native cofactor gene export	423	4d18e9934970deb6a1548445ba554c773061f35453152c89ae9c96864423f9fa	NA	LR prior	complete native baseline input	2026-09-28
